id,name,address,city,state,zip,telephone,fax,notes,lock_version,updated_at
1,Unspecified,,,,,,,,0,2007-5-11
2,Timec,,,,,,,,0,2007-5-11
3,Telaeris,,,,,,,,0,2007-5-11
4,Conam Inspections,,,,,,,,0,2007-5-11
5,Kenny Manta,,,,,,,,0,2007-5-11
6,Alliance Cooling,,,,,,,,0,2007-5-11
7,Ancon,,,,,,,,0,2007-5-11
8,F&G,,,,,,,,0,2007-5-11
9,BP Staff,,,,,,,,0,2007-5-11
10,Realization,,,,,,,,0,2007-5-11
11,JV Industrial,,,,,,,,0,2007-5-11
12,Welltech,,,,,,,,0,2007-5-11
13,Cetek,,,,,,,,0,2007-5-11
14,Recon,,,,,,,,0,2007-5-11
15,ABC Industries,,,,,,,,0,2007-5-11
16,Stone and Son,,,,,,,,0,2007-5-11
17,KevComp,,,,,,,,0,2007-5-11
18,Universal Plant Services,,,,,,,,0,2007-5-11
19,TMC,,,,,,,,0,2007-5-11
20,Wayne Industries,,,,,,,,0,2007-5-11
21,USGS,,,,,,,,0,2007-5-11
22,Initech,,,,,,,,0,2007-5-11
23,Hydro Solutions,,,,,,,,0,2007-5-11
24,SP1000 Inc.,,,,,,,,0,2007-5-11
25,Pioneer Tech,,,,,,,,0,2007-5-11
26,Transcal,,,,,,,,0,2007-5-11
27,Grubex Co.,,,,,,,,0,2007-5-11
28,APC,,,,,,,,0,2007-5-11
29,Ardent,,,,,,,,0,2007-5-11
30,Cat Tech,,,,,,,,0,2007-5-11
31,Hewitt,,,,,,,,0,2007-5-11
32,JE Field Services,,,,,,,,0,2007-5-11
33,Koch-Glitsch,,,,,,,,0,2007-5-11
34,Matrix,,,,,,,,0,2007-5-11
35,Ohmstede,,,,,,,,0,2007-5-11
36,Onyx,,,,,,,,0,2007-5-11
37,Securitas,,,,,,,,0,2007-5-11
38,Waste Management,,,,,,,,0,2007-5-11
39,Shultz Mech,,,,,,,,0,2007-5-11
40,Superheat,,,,,,,,0,2007-5-11
41,Mangan Engineering,,,,,,,,0,2007-5-11
42,WSI,,,,,,,,0,2007-5-11
43,Incat,,,,,,,,0,2007-5-11
44,BP Green Team,,,,,,,,0,2007-5-11
45,United Lab,,,,,,,,0,2007-5-11
46,JT Thorpe & Sons Inc.,,,,,,,,0,2007-5-11
47,BP Transportation,,,,,,,,0,2007-5-11
48,BP Rigging,,,,,,,,0,2007-5-11
49,BP Garage,,,,,,,,0,2007-5-11
50,BP Pipe,,,,,,,,0,2007-5-11
51,BP Weld,,,,,,,,0,2007-5-11
52,BP Slab,,,,,,,,0,2007-5-11
53,BP Instrumentation,,,,,,,,0,2007-5-11
54,BP Electrical,,,,,,,,0,2007-5-11
55,BP Labor Gang,,,,,,,,0,2007-5-11
56,BP Machinery,,,,,,,,0,2007-5-11
57,Metal Clad,,,,,,,,0,2007-5-11
58,DC Concrete,,,,,,,,0,2007-5-11
59,Bragg Crane,,,,,,,,0,2007-5-11
60,Maxim Crane,,,,,,,,0,2007-5-11
61,Portcity,,,,,,,,0,2007-5-11
62,Total Western,,,,,,,,0,2007-5-11
63,Vistam,,,,,,,,0,2007-5-11
64,Hampton Tedder,,,,,,,,0,2007-5-11
65,Jones Electric,,,,,,,,0,2007-5-11
66,Kenmar Instr.,,,,,,,,0,2007-5-11
67,RTI,,,,,,,,0,2007-5-11
68,Global Ind. Consult.,,,,,,,,0,2007-5-11
69,DK Amens,,,,,,,,0,2007-5-11
70,Norbourn,,,,,,,,0,2007-5-11
71,Redman,,,,,,,,0,2007-5-11
72,SST,,,,,,,,0,2007-5-11
73,Vallen,,,,,,,,0,2007-5-11
74,Worldwide Welding,,,,,,,,0,2007-5-11
75,BP Fifth Section,,,,,,,,0,2007-5-11
76,Brinderson,,,,,,,,0,2007-5-11
77,BP Fire Safety,,,,,,,,0,2007-5-11
78,Zero Chaos,,,,,,,,0,2007-5-11
